[
    {
        "model": "products.Product",
        "pk": 1,
        "fields": {
            "easy_name": "Spider Plant",
            "scientific_name": "Chlorophytum comosum",
            "light": "medium",
            "ease_of_care": "moderate",
            "pet_ok": true,
            "image": "spiderplant-small.jpg",
            "description": "The spider plant, or Chlorophytum comosum, is a popular and resilient houseplant known for its long, arching leaves that are green with white or yellow stripes. It produces small white flowers and baby plantlets, often referred to as 'spiderettes,' which dangle from the mother plant on long stems, resembling spiders. Spider plants thrive in various light conditions, from low to bright indirect light, and are easy to care for, making them ideal for beginners. They are also known for their air-purifying qualities, helping to remove pollutants from indoor environments."
        }
    },
    {
        "model": "products.Product",
        "pk": 2,
        "fields": {
            "easy_name": "Snake Plant",
            "scientific_name": "Sansevieria trifasciata",
            "light": "medium",
            "ease_of_care": "moderate",
            "pet_ok": true,
            "image": "snake-large.jpg",
            "description": "The snake plant, or Sansevieria trifasciata, is a popular and hardy houseplant known for its upright, sword-like leaves with variegated patterns of green and yellow. Also known as mother-in-law's tongue, this plant is native to West Africa and can thrive in a variety of light conditions, from low to bright indirect light. It is Highly drought-tolerant, requiring minimal watering, making it an excellent choice for beginners. The snake plant is also valued for its air-purifying properties, as it can remove toxins from indoor air and improve air quality."
        }
    },
    {
        "model": "products.Product",
        "pk": 3,
        "fields": {
            "easy_name": "Pothos",
            "scientific_name": "Epipremnum aureum",
            "light": "medium",
            "ease_of_care": "moderate",
            "pet_ok": false,
            "image": "pothos-small-potted.jpg",
            "description": "Pothos, or Epipremnum aureum, is a popular and easy-to-care-for houseplant known for its attractive, heart-shaped leaves that are often variegated with shades of green, yellow, or white. Native to the Solomon Islands, this trailing vine can grow several feet long, making it ideal for hanging baskets, shelves, or as a climbing plant on trellises. Pothos thrives in a variety of light conditions, from low to bright indirect light, and prefers well-draining soil. It is Highly tolerant of occasional neglect, requiring only infrequent watering when the soil feels dry. Pothos is also known for its air-purifying properties, helping to remove common indoor toxins."
        }
    },
    {
        "model": "products.Product",
        "pk": 4,
        "fields": {
            "easy_name": "Peace Lily",
            "scientific_name": "Spathiphyllum",
            "light": "medium",
            "ease_of_care": "moderate",
            "pet_ok": true,
            "image": "peacelily.jpg",
            "description": "The peace lily, or Spathiphyllum, is a popular houseplant known for its elegant, glossy, dark green leaves and distinctive white spathes that resemble flowers. Native to tropical regions of the Americas and Southeast Asia, peace lilies thrive in low to bright indirect light, making them suitable for various indoor environments. They prefer consistently moist, well-draining soil and benefit from regular watering. Peace lilies are also valued for their air-purifying qualities, helping to remove toxins from indoor air. Their graceful appearance and low maintenance requirements make them a favorite choice for adding a touch of tranquility and beauty to homes and offices."
        }
    },
    {
        "model": "products.Product",
        "pk": 5,
        "fields": {
            "easy_name": "Fiddle Leaf Fig",
            "scientific_name": "Ficus lyrata",
            "light": "medium",
            "ease_of_care": "moderate",
            "pet_ok": true,
            "image": "figficus-small.jpg",
            "description": "The fiddle leaf fig, or Ficus lyrata, is a popular houseplant known for its large, violin-shaped leaves that are glossy and dark green. Native to the tropical regions of West Africa, this plant can grow up to 180-300 cm tall indoors, making it a striking focal point in any room. The fiddle leaf fig thrives in bright, indirect light and prefers well-draining soil. It requires regular watering, allowing the soil to dry out between waterings. With its dramatic foliage and sculptural form, the fiddle leaf fig is a favorite among indoor plant enthusiasts for adding a touch of elegance and greenery to interior spaces."
        }
    },
    {
        "model": "products.Product",
        "pk": 6,
        "fields": {
            "easy_name": "Rubber Plant",
            "scientific_name": "Ficus elastica belize",
            "light": "medium",
            "ease_of_care": "moderate",
            "pet_ok": true,
            "image": "ficus-elastica-belize.jpg",
            "description": "Ficus elastica 'Belize', commonly known as the rubber plant, is a popular houseplant known for its large, glossy leaves that feature striking variegation in shades of green, pink, and cream. Native to Southeast Asia, this hardy plant can grow up to 180-300 cm tall indoors under the right conditions. The rubber plant thrives in bright, indirect light but can tolerate lower light levels. It prefers well-draining soil and Moderate watering, allowing the soil to dry out between waterings. The Ficus elastica 'Belize' is admired for its bold, colorful foliage and easy-care nature, making it a favorite choice for adding a touch of tropical elegance to indoor spaces."
        }
    },
    {
        "model": "products.Product",
        "pk": 7,
        "fields": {
            "easy_name": "Aloe Vera",
            "scientific_name": "Aloe barbadensis",
            "light": "medium",
            "ease_of_care": "moderate",
            "pet_ok": true,
            "image": "aloe-vera-small.jpg",
            "description": "Aloe vera is a succulent plant known for its thick, fleshy leaves that contain a clear gel. This gel is widely used for its soothing and healing properties, particularly for skin conditions such as burns, cuts, and irritation. Aloe vera is also valued for its potential health benefits, including its use in digestive health and immune support. It is easy to grow and maintain, making it a popular houseplant."
        }
    },
    {
        "model": "products.Product",
        "pk": 8,
        "fields": {
            "easy_name": "English Ivy",
            "scientific_name": "Hedera helix",
            "light": "medium",
            "ease_of_care": "moderate",
            "pet_ok": true,
            "image": "english-ivy-small.jpg",
            "description": "English ivy, or Hedera helix, is a popular and versatile evergreen vine known for its attractive, lobed leaves, which can be dark green, variegated, or even tinged with yellow or white. Native to Europe and Western Asia, this hardy plant can be grown both indoors and outdoors. It is commonly used as ground cover or for climbing walls, trellises, and other structures. English ivy thrives in a range of light conditions, from low to bright indirect light, and prefers well-draining soil. It is valued for its ability to improve air quality by removing toxins and its low-maintenance care requirements."
        }
    },
    {
        "model": "products.Product",
        "pk": 9,
        "fields": {
            "easy_name": "ZZ Plant",
            "scientific_name": "Zamioculcas zamiifolia",
            "light": "medium",
            "ease_of_care": "moderate",
            "pet_ok": true,
            "image": "zz-plant.jpg",
            "description": "The ZZ plant, or Zamioculcas zamiifolia, is a popular houseplant known for its striking, glossy, dark green leaves and robust nature. Native to Eastern Africa, this hardy plant can tolerate low light, infrequent watering, and a variety of indoor conditions, making it an excellent choice for beginners. The ZZ plant's leaves grow in an attractive, upright fashion, adding a touch of elegance to any indoor space. It is also known for its air-purifying qualities, helping to remove toxins from the air."
        }
    },
    {
        "model": "products.Product",
        "pk": 10,
        "fields": {
            "easy_name": "Monstera Deliciosa",
            "scientific_name": "Monstera deliciosa",
            "light": "medium",
            "ease_of_care": "moderate",
            "pet_ok": true,
            "image": "monstera-deliciosa.png",
            "description": "Monstera deliciosa, also known as the Swiss cheese plant, is a popular tropical houseplant known for its large, glossy, and perforated leaves. Native to Central and South America, this climbing plant can grow quite large indoors, with leaves that can reach up to 90 cm in length. Monstera deliciosa thrives in bright, indirect light and prefers well-draining soil. It is relatively low-maintenance and can tolerate a range of indoor conditions. The plant is also known for its ability to improve indoor air quality, making it a favorite for both its aesthetic appeal and its health benefits."
        }
    },
    {
        "model": "products.Product",
        "pk": 11,
        "fields": {
            "easy_name": "Orchid",
            "scientific_name": "Phalaenopsis sp.",
            "light": "medium",
            "ease_of_care": "moderate",
            "pet_ok": true,
            "image": "orchid.jpg",
            "description": "Orchids are a diverse family of flowering plants known for their intricate and exotic blooms. Found in nearly every habitat except glaciers, they are especially abundant in tropical regions. Orchid flowers are unique for their bilateral symmetry and specialized structures. They come in various shapes, sizes, and colors. As houseplants, orchids thrive in bright, indirect light, High humidity, and well-draining orchid-specific potting mix. They are prized for their long-lasting, fragrant blooms and are popular in horticulture and home décor."
        }
    },
    {
        "model": "products.Product",
        "pk": 12,
        "fields": {
            "easy_name": "Boston Fern",
            "scientific_name": "Nephrolepis exaltata",
            "light": "medium",
            "ease_of_care": "moderate",
            "pet_ok": true,
            "image": "boston-fern.jpg",
            "description": "The Boston Fern, or Nephrolepis exaltata, is a popular houseplant known for its lush, feathery fronds that arch gracefully. This evergreen fern is native to tropical regions and thrives in humid environments with indirect light. Its fronds can grow up to 2-3 feet long, forming a dense, attractive foliage that is ideal for hanging baskets or pots. The Boston Fern is also appreciated for its air-purifying properties, helping to remove toxins from indoor air. It requires regular watering and misting to maintain its vibrant, green appearance."
        }
    },
    {
        "model": "products.Product",
        "pk": 13,
        "fields": {
            "easy_name": "Calathea",
            "scientific_name": "Calathea spp.",
            "light": "medium",
            "ease_of_care": "moderate",
            "pet_ok": true,
            "image": "calathea-spp.jpg",
            "description": "Calathea is a genus of tropical plants known for their vibrant, decorative foliage. Native to the understories of tropical Americas, Calatheas feature large, oval leaves with intricate patterns in various shades of green, purple, pink, and white. Some common patterns include stripes, veins, and spots. The leaves have a unique ability to move in response to light, often folding up at night and opening during the day, a phenomenon known as nyctinasty. Calatheas thrive in bright, indirect light and High humidity, preferring well-draining, moist soil. They are popular as houseplants due to their striking appearance and ability to enhance indoor décor, though they require more attentive care compared to some other houseplants."
        }
    },
    {
        "model": "products.Product",
        "pk": 14,
        "fields": {
            "easy_name": "Dracaena",
            "scientific_name": "Dracaena spp.",
            "light": "medium",
            "ease_of_care": "moderate",
            "pet_ok": true,
            "image": "dracaena.jpg",
            "description": "Dracaena is a genus of popular houseplants known for their striking, sword-like leaves and architectural form. Native to Africa, Asia, and Central America, Dracaenas come in various species, each with distinct foliage patterns, including stripes and variegation in shades of green, yellow, and red. These plants can grow up to several feet tall, with some varieties reaching 180-300 cm indoors. Dracaenas thrive in bright, indirect light but can also tolerate lower light conditions. They prefer well-draining soil and Moderate watering, allowing the soil to dry out between waterings. Known for their air-purifying qualities and low maintenance, Dracaenas are a popular choice for adding greenery to indoor spaces."
        }
    },
    {
        "model": "products.Product",
        "pk": 15,
        "fields": {
            "easy_name": "Jade Plant",
            "scientific_name": "Crassula ovata",
            "light": "medium",
            "ease_of_care": "moderate",
            "pet_ok": true,
            "image": "jade-plant-large.jpg",
            "description": "he jade plant, or Crassula ovata, is a popular succulent known for its thick, fleshy, oval-shaped leaves and tree-like appearance. Native to South Africa and Mozambique, this hardy plant can grow up to 90-180 cm tall indoors. The jade plant has glossy, dark green leaves that sometimes develop a red tinge around the edges when exposed to direct sunlight. It produces small, star-shaped white or pink flowers in clusters under the right conditions. Jade plants thrive in bright light and well-draining soil, requiring minimal watering. They are often associated with good luck and prosperity, making them a favorite in homes and offices."
        }
    },
    {
        "model": "products.Product",
        "pk": 16,
        "fields": {
            "easy_name": "Philodendron",
            "scientific_name": "Philodendron spp.",
            "light": "medium",
            "ease_of_care": "moderate",
            "pet_ok": true,
            "image": "philodendron-spp.jpg",
            "description": "Philodendrons are a diverse group of tropical plants known for their attractive, lush foliage and easy care. They are part of the Araceae family and are native to Central and South America. Philodendrons can be found in various forms, including climbing vines and self-heading types with large, lobed leaves. The leaves are typically green but can also feature variegation in shades of white, yellow, or red. These plants thrive in bright, indirect light and well-draining soil. They are popular as houseplants due to their air-purifying qualities and their ability to adapt to a wide range of indoor conditions."
        }
    },
    {
        "model": "products.Product",
        "pk": 17,
        "fields": {
            "easy_name": "Yucca",
            "scientific_name": "Yucca elephantipes",
            "light": "medium",
            "ease_of_care": "moderate",
            "pet_ok": true,
            "image": "yucca-large.png",
            "description": "The yucca plant, or Yucca spp., is a hardy, evergreen plant known for its sword-like leaves and striking appearance. Native to arid regions of the Americas and the Caribbean, yuccas are adaptable to various environments. They typically have thick, woody stems and produce clusters of white, bell-shaped flowers on tall spikes. Yucca plants thrive in bright light and well-draining soil, making them suitable for both indoor and outdoor settings. They are drought-tolerant and require minimal maintenance, making them a popular choice for those seeking a resilient and visually appealing plant."
        }
    },
    {
        "model": "products.Product",
        "pk": 18,
        "fields": {
            "easy_name": "Umbrella Tree",
            "scientific_name": "Schefflera arboricola",
            "light": "medium",
            "ease_of_care": "moderate",
            "pet_ok": true,
            "image": "umbrella-tree.png",
            "description": "The umbrella tree, or Schefflera arboricola, is a popular houseplant known for its glossy, palmate leaves that radiate like the spokes of an umbrella. This evergreen plant is native to Taiwan and Hainan, and it can grow up to 90-180 cm indoors. The umbrella tree thrives in bright, indirect light but can tolerate lower light conditions. It prefers well-draining soil and Moderate watering, allowing the soil to dry out between waterings. With its attractive foliage and easy-care nature, the umbrella tree is a favorite for adding a touch of greenery to indoor spaces."
        }
    },
    {
        "model": "products.Product",
        "pk": 19,
        "fields": {
            "easy_name": "Bamboo Palm",
            "scientific_name": "Chamaedorea seifrizii",
            "light": "medium",
            "ease_of_care": "moderate",
            "pet_ok": true,
            "image": "bamboo-palm.jpg",
            "description": "The Bamboo Palm is a small, tropical palm plant characterized by its slender, bamboo-like stems and feathery, green fronds. It is native to Central America and often used as an indoor ornamental plant due to its attractive appearance and ability to thrive in low light conditions. This palm can grow up to 185- 305cm tall and is also appreciated for its air-purifying qualities."
        }
    },
    {
        "model": "products.Product",
        "pk": 20,
        "fields": {
            "easy_name": "Cactus",
            "scientific_name": "Cactaceae family",
            "light": "high",
            "ease_of_care": "easy",
            "pet_ok": true,
            "image": "cactus.jpg",
            "description": "Cacti are a group of succulent plants belonging to the family Cactaceae, known for their thick, fleshy stems that store water. These plants are adapted to arid environments and are native primarily to the Americas. Cacti are characterized by their spines, which are modified leaves, and often have vibrant flowers that bloom in various colors. They come in a wide range of shapes and sizes, from small, globular types to tall, columnar species. Due to their low maintenance and drought tolerance, cacti are popular as ornamental plants in homes and gardens."
        }
    },
    {
        "model": "products.Product",
        "pk": 21,
        "fields": {
            "easy_name": "Monkey Mask",
            "scientific_name": "Monstera adansonii",
            "light": "medium",
            "ease_of_care": "moderate",
            "pet_ok": true,
            "image": "monstera-monkey-small.jpg",
            "description": "The Monkey Mask plant, or Monstera adansonii, is a popular tropical houseplant known for its unique, perforated leaves. These oval, green leaves are characterized by their distinctive holes, which give the plant a striking and unusual appearance. Native to Central and South America, the Monkey Mask plant thrives in bright, indirect light and High humidity. It can be grown as a climbing or trailing plant, making it versatile for various indoor settings. This easy-to-care-for plant adds a touch of the jungle to any home decor."
        }
    },
    {
        "model": "products.Product",
        "pk": 22,
        "fields": {
            "easy_name": "Bunny Ears Cactus",
            "scientific_name": "Opuntia Microdasys",
            "light": "high",
            "ease_of_care": "easy",
            "pet_ok": true,
            "image": "bunny-ears-cactus.jpg",
            "description": "Opuntia microdasys, commonly known as the bunny ear cactus or angel's wings, is a type of prickly pear cactus native to Mexico. It is recognisable by its distinctive, flat, oval-shaped pads that grow in pairs, resembling rabbit ears. Opuntia microdasys typically grows to a height of 40-60 cm  and spreads outwards. This cactus produces yellow flowers in the spring and summer, followed by small, red, edible fruits. It is popular as an ornamental plant due to its unique appearance and low maintenance requirements."
        }
    },
    {
        "model": "products.Product",
        "pk": 23,
        "fields": {
            "easy_name": "Chinese Money Plant",
            "scientific_name": "Pilea peperomioides",
            "light": "medium",
            "ease_of_care": "medium",
            "pet_ok": true,
            "image": "money-plant-med.jpg",
            "description": "One of the more iconic looking houseplants synonymous with the recent resurgence in houseplant popularity is the Chinese Money Plant (Pilea peperomioides). It is much loved for its almost perfectly round leaves, its speed of growth and its ability to prolifically reproduce, being a great plant to share with friends. As its name suggest the Chinese Money Plant is naturally found in Southern China at the foot of the Himalayas where there is a mild climate. Chinese Money Plants are one of the simplest plants to propagate as they grow their own babies at the base of the mother plant. These babies can be easily removed and potted straight into their own pot. "
        }
    },
    {
        "model": "products.PlantSize",
        "pk": 1,
        "fields": {
            "plant": 1,
            "size": "sm",
            "height": "10-20cm"
        }
    },
    {
        "model": "products.PlantSize",
        "pk": 2,
        "fields": {
            "plant": 1,
            "size": "med",
            "height": "20-30cm"
        }
    },
    {
        "model": "products.PlantSize",
        "pk": 3,
        "fields": {
            "plant": 1,
            "size": "lg",
            "height": "30-40cm"
        }
    },
    {
        "model": "products.PlantSize",
        "pk": 4,
        "fields": {
            "plant": 2,
            "size": "sm",
            "height": "10-20cm"
        }
    },
    {
        "model": "products.PlantSize",
        "pk": 5,
        "fields": {
            "plant": 2,
            "size": "med",
            "height": "20-40cm"
        }
    },
    {
        "model": "products.PlantSize",
        "pk": 6,
        "fields": {
            "plant": 2,
            "size": "lg",
            "height": "40-60cm"
        }
    },
    {
        "model": "products.PlantSize",
        "pk": 7,
        "fields": {
            "plant": 3,
            "size": "sm",
            "height": "10-20cm"
        }
    },
    {
        "model": "products.PlantSize",
        "pk": 8,
        "fields": {
            "plant": 3,
            "size": "med",
            "height": "20-40cm"
        }
    },
    {
        "model": "products.PlantSize",
        "pk": 9,
        "fields": {
            "plant": 3,
            "size": "lg",
            "height": "40-70cm"
        }
    },
    {
        "model": "products.PlantSize",
        "pk": 10,
        "fields": {
            "plant": 4,
            "size": "sm",
            "height": "10-20cm"
        }
    },
    {
        "model": "products.PlantSize",
        "pk": 11,
        "fields": {
            "plant": 4,
            "size": "med",
            "height": "20-30cm"
        }
    },
    {
        "model": "products.PlantSize",
        "pk": 12,
        "fields": {
            "plant": 4,
            "size": "lg",
            "height": "30-40cm"
        }
    },
    {
        "model": "products.PlantSize",
        "pk": 13,
        "fields": {
            "plant": 5,
            "size": "sm",
            "height": "10-30cm"
        }
    },
    {
        "model": "products.PlantSize",
        "pk": 14,
        "fields": {
            "plant": 5,
            "size": "med",
            "height": "30-60cm"
        }
    },
    {
        "model": "products.PlantSize",
        "pk": 15,
        "fields": {
            "plant": 5,
            "size": "lg",
            "height": "60-100cm"
        }
    },
    {
        "model": "products.PlantSize",
        "pk": 16,
        "fields": {
            "plant": 6,
            "size": "sm",
            "height": "20-40cm"
        }
    },
    {
        "model": "products.PlantSize",
        "pk": 17,
        "fields": {
            "plant": 6,
            "size": "med",
            "height": "40-60cm"
        }
    },
    {
        "model": "products.PlantSize",
        "pk": 18,
        "fields": {
            "plant": 6,
            "size": "lg",
            "height": "60-90cm"
        }
    },
    {
        "model": "products.PlantSize",
        "pk": 19,
        "fields": {
            "plant": 7,
            "size": "sm",
            "height": "10-20cm"
        }
    },
    {
        "model": "products.PlantSize",
        "pk": 20,
        "fields": {
            "plant": 7,
            "size": "med",
            "height": "20-30cm"
        }
    },
    {
        "model": "products.PlantSize",
        "pk": 21,
        "fields": {
            "plant": 7,
            "size": "lg",
            "height": "30-40cm"
        }
    },
    {
        "model": "products.PlantSize",
        "pk": 22,
        "fields": {
            "plant": 8,
            "size": "sm",
            "height": "10-20cm"
        }
    },
    {
        "model": "products.PlantSize",
        "pk": 23,
        "fields": {
            "plant": 8,
            "size": "med",
            "height": "20-40cm"
        }
    },
    {
        "model": "products.PlantSize",
        "pk": 24,
        "fields": {
            "plant": 8,
            "size": "lg",
            "height": "40-60cm"
        }
    },
    {
        "model": "products.PlantSize",
        "pk": 25,
        "fields": {
            "plant": 9,
            "size": "sm",
            "height": "10-20cm"
        }
    },
    {
        "model": "products.PlantSize",
        "pk": 26,
        "fields": {
            "plant": 9,
            "size": "med",
            "height": "20-30cm"
        }
    },
    {
        "model": "products.PlantSize",
        "pk": 27,
        "fields": {
            "plant": 9,
            "size": "lg",
            "height": "30-40cm"
        }
    },
    {
        "model": "products.PlantSize",
        "pk": 28,
        "fields": {
            "plant": 10,
            "size": "sm",
            "height": "30-60cm"
        }
    },
    {
        "model": "products.PlantSize",
        "pk": 29,
        "fields": {
            "plant": 10,
            "size": "med",
            "height": "60-100cm"
        }
    },
    {
        "model": "products.PlantSize",
        "pk": 30,
        "fields": {
            "plant": 10,
            "size": "lg",
            "height": "100-150cm"
        }
    },
    {
        "model": "products.PlantSize",
        "pk": 31,
        "fields": {
            "plant": 11,
            "size": "sm",
            "height": "10-15cm"
        }
    },
    {
        "model": "products.PlantSize",
        "pk": 32,
        "fields": {
            "plant": 11,
            "size": "med",
            "height": "15-30cm"
        }
    },
    {
        "model": "products.PlantSize",
        "pk": 33,
        "fields": {
            "plant": 11,
            "size": "lg",
            "height": "30-40cm"
        }
    },
    {
        "model": "products.PlantSize",
        "pk": 34,
        "fields": {
            "plant": 12,
            "size": "sm",
            "height": "10-20cm"
        }
    },
    {
        "model": "products.PlantSize",
        "pk": 35,
        "fields": {
            "plant": 12,
            "size": "med",
            "height": "20-30cm"
        }
    },
    {
        "model": "products.PlantSize",
        "pk": 36,
        "fields": {
            "plant": 12,
            "size": "lg",
            "height": "30-50cm"
        }
    },
    {
        "model": "products.PlantSize",
        "pk": 37,
        "fields": {
            "plant": 13,
            "size": "sm",
            "height": "20-40cm"
        }
    },
    {
        "model": "products.PlantSize",
        "pk": 38,
        "fields": {
            "plant": 13,
            "size": "med",
            "height": "40-60cm"
        }
    },
    {
        "model": "products.PlantSize",
        "pk": 39,
        "fields": {
            "plant": 13,
            "size": "lg",
            "height": "60-80cm"
        }
    },
    {
        "model": "products.PlantSize",
        "pk": 40,
        "fields": {
            "plant": 14,
            "size": "sm",
            "height": "40-70cm"
        }
    },
    {
        "model": "products.PlantSize",
        "pk": 41,
        "fields": {
            "plant": 14,
            "size": "med",
            "height": "70-100cm"
        }
    },
    {
        "model": "products.PlantSize",
        "pk": 42,
        "fields": {
            "plant": 14,
            "size": "lg",
            "height": "100-130cm"
        }
    },
    {
        "model": "products.PlantSize",
        "pk": 43,
        "fields": {
            "plant": 15,
            "size": "sm",
            "height": "10-30cm"
        }
    },
    {
        "model": "products.PlantSize",
        "pk": 44,
        "fields": {
            "plant": 15,
            "size": "med",
            "height": "30-70cm"
        }
    },
    {
        "model": "products.PlantSize",
        "pk": 45,
        "fields": {
            "plant": 15,
            "size": "lg",
            "height": "70-110cm"
        }
    },
    {
        "model": "products.PlantSize",
        "pk": 46,
        "fields": {
            "plant": 16,
            "size": "sm",
            "height": "5-10cm"
        }
    },
    {
        "model": "products.PlantSize",
        "pk": 47,
        "fields": {
            "plant": 16,
            "size": "med",
            "height": "10-20cm"
        }
    },
    {
        "model": "products.PlantSize",
        "pk": 48,
        "fields": {
            "plant": 16,
            "size": "lg",
            "height": "20-30cm"
        }
    },
    {
        "model": "products.PlantSize",
        "pk": 49,
        "fields": {
            "plant": 17,
            "size": "sm",
            "height": "30-70cm"
        }
    },
    {
        "model": "products.PlantSize",
        "pk": 50,
        "fields": {
            "plant": 17,
            "size": "med",
            "height": "70-100cm"
        }
    },
    {
        "model": "products.PlantSize",
        "pk": 51,
        "fields": {
            "plant": 17,
            "size": "lg",
            "height": "100-130cm"
        }
    },
    {
        "model": "products.PlantSize",
        "pk": 52,
        "fields": {
            "plant": 18,
            "size": "sm",
            "height": "10-40cm"
        }
    },
    {
        "model": "products.PlantSize",
        "pk": 53,
        "fields": {
            "plant": 18,
            "size": "med",
            "height": "40-100cm"
        }
    },
    {
        "model": "products.PlantSize",
        "pk": 54,
        "fields": {
            "plant": 18,
            "size": "lg",
            "height": "100-150cm"
        }
    },
    {
        "model": "products.PlantSize",
        "pk": 55,
        "fields": {
            "plant": 19,
            "size": "sm",
            "height": "10-20cm"
        }
    },
    {
        "model": "products.PlantSize",
        "pk": 56,
        "fields": {
            "plant": 19,
            "size": "med",
            "height": "20-30cm"
        }
    },
    {
        "model": "products.PlantSize",
        "pk": 57,
        "fields": {
            "plant": 19,
            "size": "lg",
            "height": "30-40cm"
        }
    },
    {
        "model": "products.PlantSize",
        "pk": 58,
        "fields": {
            "plant": 20,
            "size": "sm",
            "height": "10-20cm"
        }
    },
    {
        "model": "products.PlantSize",
        "pk": 59,
        "fields": {
            "plant": 20,
            "size": "med",
            "height": "20-30cm"
        }
    },
    {
        "model": "products.PlantSize",
        "pk": 60,
        "fields": {
            "plant": 20,
            "size": "lg",
            "height": "30-40cm"
        }
    },
    {
        "model": "products.PlantSize",
        "pk": 61,
        "fields": {
            "plant": 21,
            "size": "sm",
            "height": "10-20cm"
        }
    },
    {
        "model": "products.PlantSize",
        "pk": 62,
        "fields": {
            "plant": 21,
            "size": "med",
            "height": "20-30cm"
        }
    },
    {
        "model": "products.PlantSize",
        "pk": 63,
        "fields": {
            "plant": 21,
            "size": "lg",
            "height": "30-40cm"
        }
    },
    {
        "model": "products.PlantSize",
        "pk": 64,
        "fields": {
            "plant": 22,
            "size": "med",
            "height": "10-20cm"
        }
    },
    {
        "model": "products.PlantSize",
        "pk": 65,
        "fields": {
            "plant": 22,
            "size": "lg",
            "height": "20-30cm"
        }
    },
    {
        "model": "products.PlantSize",
        "pk": 66,
        "fields": {
            "plant": 23,
            "size": "sm",
            "height": "5-10cm"
        }
    },
    {
        "model": "products.PlantSize",
        "pk": 67,
        "fields": {
            "plant": 23,
            "size": "med",
            "height": "10-25cm"
        }
    },
    {
        "model": "products.PlantSize",
        "pk": 68,
        "fields": {
            "plant": 23,
            "size": "lg",
            "height": "25-40cm"
        }
    },
    {
        "model": "products.PlantPrice",
        "pk": 1,
        "fields": {
            "product": 1,
            "size": "sm",
            "price": "10.00"
        }
    },
    {
        "model": "products.PlantPrice",
        "pk": 2,
        "fields": {
            "product": 1,
            "size": "med",
            "price": "15.00"
        }
    },
    {
        "model": "products.PlantPrice",
        "pk": 3,
        "fields": {
            "product": 1,
            "size": "lg",
            "price": "20.00"
        }
    },
    {
        "model": "products.PlantPrice",
        "pk": 4,
        "fields": {
            "product": 2,
            "size": "sm",
            "price": "12.00"
        }
    },
    {
        "model": "products.PlantPrice",
        "pk": 5,
        "fields": {
            "product": 2,
            "size": "med",
            "price": "18.00"
        }
    },
    {
        "model": "products.PlantPrice",
        "pk": 6,
        "fields": {
            "product": 2,
            "size": "lg",
            "price": "25.00"
        }
    },
    {
        "model": "products.PlantPrice",
        "pk": 7,
        "fields": {
            "product": 3,
            "size": "sm",
            "price": "8.00"
        }
    },
    {
        "model": "products.PlantPrice",
        "pk": 8,
        "fields": {
            "product": 3,
            "size": "med",
            "price": "12.00"
        }
    },
    {
        "model": "products.PlantPrice",
        "pk": 9,
        "fields": {
            "product": 3,
            "size": "lg",
            "price": "16.00"
        }
    },
    {
        "model": "products.PlantPrice",
        "pk": 10,
        "fields": {
            "product": 4,
            "size": "sm",
            "price": "14.00"
        }
    },
    {
        "model": "products.PlantPrice",
        "pk": 11,
        "fields": {
            "product": 4,
            "size": "med",
            "price": "20.00"
        }
    },
    {
        "model": "products.PlantPrice",
        "pk": 12,
        "fields": {
            "product": 4,
            "size": "lg",
            "price": "28.00"
        }
    },
    {
        "model": "products.PlantPrice",
        "pk": 13,
        "fields": {
            "product": 5,
            "size": "sm",
            "price": "25.00"
        }
    },
    {
        "model": "products.PlantPrice",
        "pk": 14,
        "fields": {
            "product": 5,
            "size": "med",
            "price": "35.00"
        }
    },
    {
        "model": "products.PlantPrice",
        "pk": 15,
        "fields": {
            "product": 5,
            "size": "lg",
            "price": "45.00"
        }
    },
    {
        "model": "products.PlantPrice",
        "pk": 16,
        "fields": {
            "product": 6,
            "size": "sm",
            "price": "15.00"
        }
    },
    {
        "model": "products.PlantPrice",
        "pk": 17,
        "fields": {
            "product": 6,
            "size": "med",
            "price": "22.00"
        }
    },
    {
        "model": "products.PlantPrice",
        "pk": 18,
        "fields": {
            "product": 6,
            "size": "lg",
            "price": "30.00"
        }
    },
    {
        "model": "products.PlantPrice",
        "pk": 19,
        "fields": {
            "product": 7,
            "size": "sm",
            "price": "10.00"
        }
    },
    {
        "model": "products.PlantPrice",
        "pk": 20,
        "fields": {
            "product": 7,
            "size": "med",
            "price": "15.00"
        }
    },
    {
        "model": "products.PlantPrice",
        "pk": 21,
        "fields": {
            "product": 7,
            "size": "lg",
            "price": "20.00"
        }
    },
    {
        "model": "products.PlantPrice",
        "pk": 22,
        "fields": {
            "product": 8,
            "size": "sm",
            "price": "12.00"
        }
    },
    {
        "model": "products.PlantPrice",
        "pk": 23,
        "fields": {
            "product": 8,
            "size": "med",
            "price": "18.00"
        }
    },
    {
        "model": "products.PlantPrice",
        "pk": 24,
        "fields": {
            "product": 8,
            "size": "lg",
            "price": "24.00"
        }
    },
    {
        "model": "products.PlantPrice",
        "pk": 25,
        "fields": {
            "product": 9,
            "size": "sm",
            "price": "9.00"
        }
    },
    {
        "model": "products.PlantPrice",
        "pk": 26,
        "fields": {
            "product": 9,
            "size": "med",
            "price": "14.00"
        }
    },
    {
        "model": "products.PlantPrice",
        "pk": 27,
        "fields": {
            "product": 9,
            "size": "lg",
            "price": "19.00"
        }
    },
    {
        "model": "products.PlantPrice",
        "pk": 28,
        "fields": {
            "product": 10,
            "size": "sm",
            "price": "28.00"
        }
    },
    {
        "model": "products.PlantPrice",
        "pk": 29,
        "fields": {
            "product": 10,
            "size": "med",
            "price": "40.00"
        }
    },
    {
        "model": "products.PlantPrice",
        "pk": 30,
        "fields": {
            "product": 10,
            "size": "lg",
            "price": "55.00"
        }
    },
    {
        "model": "products.PlantPrice",
        "pk": 31,
        "fields": {
            "product": 11,
            "size": "sm",
            "price": "22.00"
        }
    },
    {
        "model": "products.PlantPrice",
        "pk": 32,
        "fields": {
            "product": 11,
            "size": "med",
            "price": "30.00"
        }
    },
    {
        "model": "products.PlantPrice",
        "pk": 33,
        "fields": {
            "product": 11,
            "size": "lg",
            "price": "40.00"
        }
    },
    {
        "model": "products.PlantPrice",
        "pk": 34,
        "fields": {
            "product": 12,
            "size": "sm",
            "price": "15.00"
        }
    },
    {
        "model": "products.PlantPrice",
        "pk": 35,
        "fields": {
            "product": 12,
            "size": "med",
            "price": "22.00"
        }
    },
    {
        "model": "products.PlantPrice",
        "pk": 36,
        "fields": {
            "product": 12,
            "size": "lg",
            "price": "30.00"
        }
    },
    {
        "model": "products.PlantPrice",
        "pk": 37,
        "fields": {
            "product": 13,
            "size": "sm",
            "price": "18.00"
        }
    },
    {
        "model": "products.PlantPrice",
        "pk": 38,
        "fields": {
            "product": 13,
            "size": "med",
            "price": "26.00"
        }
    },
    {
        "model": "products.PlantPrice",
        "pk": 39,
        "fields": {
            "product": 13,
            "size": "lg",
            "price": "35.00"
        }
    },
    {
        "model": "products.PlantPrice",
        "pk": 40,
        "fields": {
            "product": 14,
            "size": "sm",
            "price": "20.00"
        }
    },
    {
        "model": "products.PlantPrice",
        "pk": 41,
        "fields": {
            "product": 14,
            "size": "med",
            "price": "28.00"
        }
    },
    {
        "model": "products.PlantPrice",
        "pk": 42,
        "fields": {
            "product": 14,
            "size": "lg",
            "price": "38.00"
        }
    },
    {
        "model": "products.PlantPrice",
        "pk": 43,
        "fields": {
            "product": 15,
            "size": "sm",
            "price": "30.00"
        }
    },
    {
        "model": "products.PlantPrice",
        "pk": 44,
        "fields": {
            "product": 15,
            "size": "med",
            "price": "45.00"
        }
    },
    {
        "model": "products.PlantPrice",
        "pk": 45,
        "fields": {
            "product": 15,
            "size": "lg",
            "price": "60.00"
        }
    },
    {
        "model": "products.PlantPrice",
        "pk": 46,
        "fields": {
            "product": 16,
            "size": "sm",
            "price": "7.00"
        }
    },
    {
        "model": "products.PlantPrice",
        "pk": 47,
        "fields": {
            "product": 16,
            "size": "med",
            "price": "12.00"
        }
    },
    {
        "model": "products.PlantPrice",
        "pk": 48,
        "fields": {
            "product": 16,
            "size": "lg",
            "price": "18.00"
        }
    },
    {
        "model": "products.PlantPrice",
        "pk": 49,
        "fields": {
            "product": 17,
            "size": "sm",
            "price": "15.00"
        }
    },
    {
        "model": "products.PlantPrice",
        "pk": 50,
        "fields": {
            "product": 17,
            "size": "med",
            "price": "22.00"
        }
    },
    {
        "model": "products.PlantPrice",
        "pk": 51,
        "fields": {
            "product": 17,
            "size": "lg",
            "price": "30.00"
        }
    },
    {
        "model": "products.PlantPrice",
        "pk": 52,
        "fields": {
            "product": 18,
            "size": "sm",
            "price": "20.00"
        }
    },
    {
        "model": "products.PlantPrice",
        "pk": 53,
        "fields": {
            "product": 18,
            "size": "med",
            "price": "28.00"
        }
    },
    {
        "model": "products.PlantPrice",
        "pk": 54,
        "fields": {
            "product": 18,
            "size": "lg",
            "price": "38.00"
        }
    },
    {
        "model": "products.PlantPrice",
        "pk": 55,
        "fields": {
            "product": 19,
            "size": "sm",
            "price": "12.00"
        }
    },
    {
        "model": "products.PlantPrice",
        "pk": 56,
        "fields": {
            "product": 19,
            "size": "med",
            "price": "18.00"
        }
    },
    {
        "model": "products.PlantPrice",
        "pk": 57,
        "fields": {
            "product": 19,
            "size": "lg",
            "price": "24.00"
        }
    },
    {
        "model": "products.PlantPrice",
        "pk": 58,
        "fields": {
            "product": 20,
            "size": "sm",
            "price": "10.00"
        }
    },
    {
        "model": "products.PlantPrice",
        "pk": 59,
        "fields": {
            "product": 20,
            "size": "med",
            "price": "15.00"
        }
    },
    {
        "model": "products.PlantPrice",
        "pk": 60,
        "fields": {
            "product": 20,
            "size": "lg",
            "price": "20.00"
        }
    },
    {
        "model": "products.PlantPrice",
        "pk": 61,
        "fields": {
            "product": 21,
            "size": "sm",
            "price": "12.00"
        }
    },
    {
        "model": "products.PlantPrice",
        "pk": 62,
        "fields": {
            "product": 21,
            "size": "med",
            "price": "18.00"
        }
    },
    {
        "model": "products.PlantPrice",
        "pk": 63,
        "fields": {
            "product": 21,
            "size": "lg",
            "price": "24.00"
        }
    },
    {
        "model": "products.PlantPrice",
        "pk": 64,
        "fields": {
            "product": 22,
            "size": "med",
            "price": "10.00"
        }
    },
    {
        "model": "products.PlantPrice",
        "pk": 65,
        "fields": {
            "product": 22,
            "size": "lg",
            "price": "15.00"
        }
    },
    {
        "model": "products.PlantPrice",
        "pk": 66,
        "fields": {
            "product": 23,
            "size": "sm",
            "price": "8.00"
        }
    },
    {
        "model": "products.PlantPrice",
        "pk": 67,
        "fields": {
            "product": 23,
            "size": "med",
            "price": "15.00"
        }
    },
    {
        "model": "products.PlantPrice",
        "pk": 68,
        "fields": {
            "product": 23,
            "size": "lg",
            "price": "25.00"
        }
    }
]
